Docusate Sodium,1,57f1a73d7f02d432d95b86befc5c343d1d9d8b021baa82bf0488953f0697c8eb
Etodolac,1,69d3ca8a947d08de26755e6ab007a451f90fbbf3d2805e3c953d41a4da9cbf68
isotretinoin,1,735bb293e3bd450572470b8b25fdb35266d1231173079c04d27de616287ce415
Clotrimazole,1,87bb28f3af11a41fc7e931c2bb1e6946386c83afd282d5dcc1c691d2a8bb7f1a
Sodium Monofluorophosphate,1,c5433683ca3d29b3ac4d4d8c0b33815d182b779aa611940ec78478b0ada7beaf
"Avobenzone, Octinoxate, Octisalate, and Oxybenzone",1,c84cf591faa29413d9b2659cbc8f64932674a1ff587806d1d9e57399b6c07620
Ondansetron,1,9e44e6e84f63ad81d8a1df74d5067d36351c3ff70f5dbdab269874aa29d74d65
Bismuth subsalicylate,1,dea8b7bc74d80f8cb4614fedd422ef52faf05bc93b8f271268fa6ff431e99101
Acacia longifolia,1,3f2fc34ff9a6490a8b70fe5d6499146e4873bb5966c30a2ba61bd3e923460588
fentanyl citrate,1,f61249db4695ec3e085a9eda6616e678571089e88cd08eb31f0a082640f43bd2
